category,asset,number_of_events,mean_abnormal_return_1d,median_abnormal_return_1d,mean_absolute_abnormal_return_1d,standard_deviation_1d,mean_abnormal_return_3d,mean_abnormal_return_5d,positive_reaction_rate,direction_accuracy,mean_volatility_change
Demand shock,Natural Gas,2,0.05495135162289805,0.05495135162289805,0.05495135162289805,0.02973267619387825,0.11424015247468416,0.04350111969767029,1.0,0.5,-0.06574179348138026
Demand shock,Airlines ETF,2,-0.041454430971190614,-0.041454430971190614,0.041454430971190614,0.043637549596779214,-0.02849236735963695,-0.12999179717418496,0.0,0.5,0.6633912445086276
Demand shock,WTI Crude,2,0.01766485997105105,0.01766485997105105,0.03313684184566612,0.04686257115235333,-0.001304949743211714,-0.09990154288042791,0.5,0.0,0.17908567743593815
Demand shock,TotalEnergies,2,-0.030012873641974802,-0.030012873641974802,0.03078610224552414,0.043538123328225035,-0.059118931653387,-0.0740179790348875,0.5,1.0,0.5407704276830252
Demand shock,Shell,2,-0.028753095589701294,-0.028753095589701294,0.028753095589701294,0.03560719239195752,-0.0773200149697405,-0.12825506246369867,0.0,0.5,0.3542563318225609
Demand shock,Oil Services ETF,2,-0.028046533974809496,-0.028046533974809496,0.028046533974809496,0.033089474539024034,-0.028604898954118885,-0.06591195870843625,0.0,0.5,0.38153954646910215
Demand shock,Brent Crude,2,0.0014089867858405603,0.0014089867858405603,0.02246062683626504,0.031764123091247126,-0.019348640662479266,-0.061904123039718595,0.5,0.0,-0.03899291753778161
Demand shock,Energy ETF,2,-0.02068056300775134,-0.02068056300775134,0.02068056300775134,0.011854067133207812,-0.03307859461312407,-0.08445587403111954,0.0,0.5,0.42431477300836096
Demand shock,BP,2,-0.01843534873526126,-0.01843534873526126,0.01843534873526126,0.01582640066769589,-0.05967475675358347,-0.10555181796816637,0.0,0.5,0.2393201650452846
Demand shock,ExxonMobil,2,-0.009534047572725746,-0.009534047572725746,0.009534047572725746,0.012910082462437704,-0.021910306206222918,-0.03728838276880442,0.0,0.5,0.3048655540922073
Demand shock,Chevron,2,0.00610936993951422,0.00610936993951422,0.008031080926758027,0.011357663567137088,-0.03277194353639873,-0.11436110896261154,0.5,0.0,0.7019334638673774
Demand shock,Utilities ETF,2,-0.0032956196594686737,-0.0032956196594686737,0.0032956196594686737,0.0027778513648917813,-0.012197758579564233,0.021000606987785164,0.0,0.5,0.5732469984641871
Geopolitical shock,Natural Gas,5,-0.02218607153522656,-0.0034276487872080263,0.04498769051875036,0.06268841249036484,-0.039770943629285085,-0.0759500586411496,0.4,0.4,-0.44472216926932645
Geopolitical shock,Brent Crude,5,0.002445145892189404,0.0009358649649575668,0.02026431814147467,0.03145568720221823,0.02245786204057081,0.022196669100192225,0.6,0.6,0.15652267489801536
Geopolitical shock,WTI Crude,5,0.0018445304631330207,-0.0001811806556322182,0.019981224895909967,0.03227592167668571,0.033459286817058745,0.03347032668335206,0.4,0.4,0.18644133674204894
Geopolitical shock,Shell,5,0.0003026750315850535,0.0002397792177533109,0.015787525464617102,0.021568591222732747,-0.00014621817350961573,-0.00976497756601391,0.6,0.6,0.1280901122056286
Geopolitical shock,Oil Services ETF,5,-0.0023724271690435117,-0.0030847918938217145,0.012342055121854534,0.01721532208305538,0.002638341781851361,0.004327956195786875,0.4,0.4,-0.014986055637874928
Geopolitical shock,BP,5,0.002933597154256495,0.0010483168605901483,0.011895394869449549,0.01748894253920297,-0.004822836626060645,-0.009159665880927781,0.6,0.6,0.12370692136806313
Geopolitical shock,Chevron,5,-0.002130274768157414,-0.006284633878260282,0.011234297205939003,0.014648222848463085,0.009255332388542148,0.018320868253410505,0.4,0.4,-0.00826911746110853
Geopolitical shock,Energy ETF,5,-0.0014470601491318514,-0.003963105471649353,0.010957190112613691,0.014632480849084835,0.007877370325763477,0.009845887885677352,0.4,0.4,-0.01163238619099646
Geopolitical shock,ExxonMobil,5,-0.003886071663025947,-0.006448165726794408,0.010045973275386033,0.011712993650464073,-4.8530386744771724e-05,-0.0008489621479607745,0.4,0.4,-0.021711241326463654
Geopolitical shock,TotalEnergies,5,-0.00187879169887748,0.0015571343178608643,0.009407314881766115,0.013649953185627521,-0.016850597190652516,-0.018817930666825643,0.6,0.6,0.1570624533301469
Geopolitical shock,Utilities ETF,5,4.310385631578484e-05,0.0014598785851218654,0.0074860392656357355,0.009147562295504386,-0.00022558498921327886,0.0024667149869363582,0.6,0.6,-0.004478894463142624
Geopolitical shock,Airlines ETF,5,-0.0006491585124599019,0.0012350628856037105,0.006438730674285775,0.008758580303312178,0.005301449078524612,-0.003526049256624919,0.6,0.6,0.07513769477210257
Government intervention,Brent Crude,2,-0.013696583789830408,-0.013696583789830408,0.021757302384380006,0.030769472112642682,-0.014680778239338943,-0.031383897254314064,0.5,0.5,-0.29228135657570253
Government intervention,Oil Services ETF,2,0.017951590949678076,0.017951590949678076,0.017951590949678076,0.000935982071616703,0.020037093237267767,0.04272086322689994,1.0,0.0,-0.25832307180341824
Government intervention,TotalEnergies,2,0.017181545931843123,0.017181545931843123,0.017181545931843123,0.01814398113738822,-0.010807255493652856,-0.008733187248818552,1.0,0.0,-0.08993475927646774
Government intervention,Utilities ETF,2,-0.002864168621056984,-0.002864168621056984,0.013997157039120522,0.019794969319390277,-0.006601357237916328,0.010224013546053345,0.5,0.5,-0.005548750727467355
Government intervention,WTI Crude,2,0.0002529197911391168,0.0002529197911391168,0.013158812128664044,0.01860937057707627,-0.010687945096829354,-0.02256495147025067,0.5,0.5,-0.26312735605944804
Government intervention,Shell,2,0.012672584052781766,0.012672584052781766,0.012672584052781766,0.0015904366134585652,-0.0019808268892086978,0.00446483447332463,1.0,0.0,-0.31456739855728166
Government intervention,BP,2,0.011229714809502578,0.011229714809502578,0.011229714809502578,0.0012761223005294453,0.006270043533110892,0.01547141937007629,1.0,0.0,-0.3374859778458217
Government intervention,Natural Gas,2,0.00016775327395318618,0.00016775327395318618,0.01082298673787846,0.015306014630091859,-0.002908518991189435,0.06155589402107525,0.5,0.5,0.11744923121229478
Government intervention,Chevron,2,0.009900969090061051,0.009900969090061051,0.009900969090061051,0.005938073952876767,0.00350013051459086,0.024997947444986568,1.0,0.0,-0.26394354876826454
Government intervention,Energy ETF,2,0.007304900653832547,0.007304900653832547,0.007304900653832547,0.00286826375451134,0.0007551548110878437,0.016049837942321787,1.0,0.0,-0.23569425545523567
Government intervention,ExxonMobil,2,0.006658665081809956,0.006658665081809956,0.006658665081809956,0.004349539517770085,0.000989196215944954,0.015863780966336838,1.0,0.0,-0.30465807371506765
Government intervention,Airlines ETF,2,-0.0018269875119760193,-0.0018269875119760193,0.002385773375873035,0.0033739930649082897,-0.00959429579967086,-0.024941384010530976,0.5,0.5,-0.3304501360189173
Inventory announcement,Natural Gas,5,0.0009404906070651587,-0.010655233463925273,0.046600713872696244,0.05735451351595626,0.0022694658874081288,0.01272982188304439,0.4,0.2,-0.05376619859671798
Inventory announcement,Brent Crude,5,-0.008780221815272337,-0.009887101354501104,0.0205426941212405,0.02696099701260303,-0.016554022431137416,-0.0004591718927713595,0.4,0.6,-0.06109736554843237
Inventory announcement,WTI Crude,5,-0.00612241696244602,-0.007117398855091328,0.020296914986244752,0.02490159842638867,-0.020819457398158693,-0.0012223916220704067,0.4,0.6,-0.07175626226767734
Inventory announcement,ExxonMobil,5,0.0007110176988945893,0.004752334448056672,0.009762731753362596,0.012003573716584164,-0.005369610604283137,-0.0048591069718237016,0.6,0.8,-0.08684347497617247
Inventory announcement,Oil Services ETF,5,0.0006791234541189573,0.0018115809173910868,0.00959943224584332,0.012658940170036437,0.00217828128828641,0.01716438576367312,0.6,0.4,-0.10178341159022078
Inventory announcement,Chevron,5,0.002774753802865448,0.005708765855046538,0.00869100586578917,0.009923991879047887,0.006061062711492449,0.008419930293187817,0.6,0.8,-0.04521727794666959
Inventory announcement,Shell,5,0.006677474160015451,0.007109722767795423,0.007825079628632926,0.006192232229113981,-0.001240872334658616,0.0031813562540405683,0.8,0.6,-0.1120601198055325
Inventory announcement,Utilities ETF,5,-0.004681679301642006,-0.003463744320224449,0.0070623247596594,0.008379403800735178,-0.015084100504662867,-0.013670630576651877,0.2,0.4,0.010884540596649232
Inventory announcement,Energy ETF,5,0.0004583081113179288,-0.00047217300179847044,0.006494940714467013,0.009048858523554942,-0.0002698047566648709,0.001787210831937891,0.4,0.6,-0.08090400933826396
Inventory announcement,BP,5,0.00028669355193347015,0.0022366636803774487,0.0063731522609994816,0.00846302953162951,-0.00651551684633811,0.011443042231731381,0.6,0.8,-0.06489504869007659
Inventory announcement,TotalEnergies,5,0.00042191180725230647,-0.0013805266297455265,0.0061640721700201295,0.00810776065305926,-0.009270920043284402,-0.008228371316783934,0.4,1.0,-0.05272811779491855
Inventory announcement,Airlines ETF,5,-0.0036948231666991127,0.0005587858638970156,0.005332957589701826,0.008872918462570099,-0.00703366418110909,0.008480505784309344,0.6,0.8,-0.08598618549885385
Natural gas,WTI Crude,2,-0.0222610541242369,-0.0222610541242369,0.04814831773159217,0.06809200394146663,-0.0001454617616923337,0.037757936532229586,0.5,0.5,0.15413784465514474
Natural gas,Brent Crude,2,-0.01668139065940827,-0.01668139065940827,0.045524739687400284,0.06438170428942618,-0.0006877743142862935,0.024486427048841297,0.5,0.5,0.05619511565941879
Natural gas,Airlines ETF,2,0.03312837097488586,0.03312837097488586,0.03312837097488586,0.02071822191002283,0.02651241769164936,0.02856498730982321,1.0,1.0,-0.05469961631957404
Natural gas,Natural Gas,2,-0.03301587513802695,-0.03301587513802695,0.03301587513802695,0.0013256230853053792,0.021748480268279302,0.050379852165619965,0.0,0.0,-0.2360065001197863
Natural gas,Oil Services ETF,2,-0.002044024648870324,-0.002044024648870324,0.025023327194281575,0.03538832869385249,0.006185773605207612,0.06062374618405164,0.5,0.5,-0.04546602802656752
Natural gas,Shell,2,0.012546008987687762,0.012546008987687762,0.01714335660932298,0.024244367421502995,0.0225976889764975,0.061167249431053616,0.5,0.5,-0.03393800141388478
Natural gas,TotalEnergies,2,0.0018231786575676479,0.0018231786575676479,0.015218869906357235,0.02152273222556216,-0.0015891213870137255,0.045686168291431684,0.5,0.5,0.09411905750340929
Natural gas,ExxonMobil,2,0.009523756032313369,0.009523756032313369,0.013986234880780879,0.019779523054935966,0.023697139277837176,0.049768983364833874,0.5,0.5,-0.05581619666457263
Natural gas,BP,2,0.00045915689108538826,0.00045915689108538826,0.012731604740890134,0.018005208095340425,0.011419775557074352,0.04953418749796773,0.5,0.5,-0.011128216158176468
Natural gas,Energy ETF,2,0.0015525853929133637,0.0015525853929133637,0.012200007215965925,0.017253415665868636,0.01852922440383853,0.05240927033033499,0.5,0.5,-0.05967164272301195
Natural gas,Utilities ETF,2,-0.005143995923207467,-0.005143995923207467,0.009153360600239746,0.012944806702150582,-0.017234692747456426,-0.029214204407202238,0.5,0.5,-0.0030378873211038826
Natural gas,Chevron,2,-0.0032376891718903233,-0.0032376891718903233,0.006215806588512451,0.008790477978562349,0.004144176495785523,0.03119306473362099,0.5,0.5,-0.026537292552306052
OPEC decision,WTI Crude,6,-0.02484221520669568,-0.0067309890490307445,0.034194693694283296,0.055351515088475564,-0.003308892659326934,-0.4414592605832541,0.5,0.5,3.211178648546149
OPEC decision,Brent Crude,6,-0.023137170226323407,-0.007764992580849783,0.03221285853564145,0.044056515829493,-0.010911774146181571,-0.0325939936465852,0.3333333333333333,0.6666666666666666,-0.13669407514202556
OPEC decision,Natural Gas,6,-0.01654961217950629,0.004103183470226979,0.029067617580703697,0.04010257075190424,-0.014250636603911645,0.021455342981567944,0.5,0.5,-0.005294821066505649
OPEC decision,Oil Services ETF,6,-0.009748904122734103,-0.010399760247445822,0.021629213607662307,0.02559327687230808,-0.03482413055867604,-0.024067138538627447,0.5,0.5,-0.13221080104875294
OPEC decision,Shell,6,-0.019787387849152127,-0.011991111195812976,0.019787387849152127,0.012825700201181744,-0.031039487210096067,-0.028533071200948206,0.0,0.3333333333333333,-0.11488885928625321
OPEC decision,BP,6,-0.0170966148822335,-0.013961292274995651,0.01798582530205602,0.017835696279862447,-0.03212829289742738,-0.028273030757585988,0.16666666666666666,0.5,-0.16907320026558872
OPEC decision,TotalEnergies,6,-0.017974614545458845,-0.01383212238509074,0.017974614545458845,0.017758955567518303,-0.028502016925603724,-0.02626631785805437,0.0,0.3333333333333333,-0.1477616648732089
OPEC decision,ExxonMobil,6,-0.004117875458822788,-0.003746558850318382,0.017443426610012802,0.02529070902850909,-0.015396808218061034,-0.011473621785360266,0.16666666666666666,0.5,-0.035524614286355116
OPEC decision,Energy ETF,6,-0.0051751968384221025,-0.005809281053890114,0.01453973652686985,0.02036828590333013,-0.01779603538319169,-0.006701526621989695,0.16666666666666666,0.5,-0.10483524268752431
OPEC decision,Chevron,6,-0.003288813275649246,-0.00409859115472766,0.013705101095590552,0.020044585589066844,-0.011060060875106489,-0.0012042701479315077,0.5,0.8333333333333334,-0.20207144052176562
OPEC decision,Airlines ETF,6,0.008190749752541046,0.0015383202137869145,0.012024844435873335,0.017213414515529008,0.0009717690009096539,0.016559665911676347,0.6666666666666666,0.6666666666666666,-0.15632831302161707
OPEC decision,Utilities ETF,6,-0.002898676700461437,-0.0008283479255762338,0.00855135090639562,0.011990277407915069,-0.006497983990498002,-0.012595503540046312,0.3333333333333333,0.6666666666666666,-0.1150657722908975
Supply disruption,Natural Gas,5,-0.00172525376119399,0.009070954735867831,0.03441332536357562,0.0462999761243677,-0.010404094410104526,-0.028233091346913586,0.6,0.4,-0.025839902916905
Supply disruption,WTI Crude,5,0.021417826055993426,0.01652761856696916,0.021417826055993426,0.02498394144477576,0.007569931681621078,0.0058064041474817476,1.0,0.8,0.033913960629965094
Supply disruption,Brent Crude,5,0.01980879183826516,0.012942014799524282,0.01980879183826516,0.026326537047442245,0.00894722394589358,0.011177744979103376,1.0,0.8,0.010259618800962544
Supply disruption,Oil Services ETF,5,0.005350960518092496,0.010239504782270314,0.013791147574371544,0.015019993312073385,-0.004562287717174729,-0.006519232128060737,0.6,0.8,-0.05248420399268359
Supply disruption,BP,5,0.011483908280660881,0.006198055545652226,0.01317769281366019,0.01476658834434736,-0.000795203007022538,-0.0019156894526971113,0.8,0.6,-0.0016000779412471216
Supply disruption,Shell,5,0.007305336549234554,-0.0005676956725184645,0.011227557991365166,0.015596342178192018,-0.0026558301944563656,-0.004117423473860282,0.4,0.6,-0.019259628077917763
Supply disruption,Energy ETF,5,0.007876408626658792,0.005853863423729733,0.010068964059099784,0.013403181353483873,0.0029737697425782582,0.0010118743434978316,0.8,0.6,-0.00043444894826853985
Supply disruption,TotalEnergies,5,0.005708967704309176,0.002002956932354638,0.009673796134668945,0.012881685597627847,-0.009368994100691497,-0.0015464744841686916,0.6,0.8,-0.010063152276578724
Supply disruption,ExxonMobil,5,0.008290219424810962,0.002174915550966827,0.009459080693770683,0.0117369843884249,0.004818229469818669,0.004252903997421886,0.8,0.6,-0.0386997175645656
Supply disruption,Chevron,5,0.008966050210991727,0.003852522902599187,0.0093065081286831,0.013166128191543273,0.0015072880079917584,-0.0010944144203002715,0.8,0.6,0.014039314858251878
Supply disruption,Airlines ETF,5,-0.004032365520320558,-0.005982463407991245,0.007656859372758951,0.007564899858806722,-0.004529353135938874,0.0003228434554025661,0.2,0.4,-0.0035418126960525933
Supply disruption,Utilities ETF,5,0.004753763743147954,0.005403449681620653,0.004852431656018052,0.0034627175393869684,0.009017476229964672,0.0049233891804507214,0.8,1.0,0.014062046923857568
Weather disruption,Natural Gas,3,0.0031733546156021974,0.018206335276956476,0.02347273060485607,0.029172116334772936,0.01066761496888539,0.018417696543274225,0.6666666666666666,0.6666666666666666,-0.10688107434207533
Weather disruption,TotalEnergies,3,0.006666935038360171,-0.0016691633303405062,0.013461500933644843,0.02066004064832217,0.03231578024671811,0.02436626196246483,0.3333333333333333,0.3333333333333333,0.056872634859619194
Weather disruption,Airlines ETF,3,-0.005494710158197691,-0.011553566277907379,0.012926488797530148,0.014589198482890775,0.0006815307867323132,0.007886349549700467,0.3333333333333333,0.3333333333333333,0.06001000440432993
Weather disruption,Energy ETF,3,0.001647785041337298,-0.005290649711772399,0.01227832807495218,0.016878023213211555,0.02475468618042742,0.022652134287050558,0.3333333333333333,0.3333333333333333,0.058173828502258086
Weather disruption,Shell,3,0.010099471930871906,0.002960412841322313,0.012116161076799211,0.01780211882303684,0.030550424743458888,0.018775890671055045,0.6666666666666666,0.6666666666666666,-0.0010750249725569132
Weather disruption,BP,3,0.00627426448090936,-0.000484046051864917,0.012086872369492832,0.018821446014727083,0.025732317195928982,0.010588840383012962,0.3333333333333333,0.3333333333333333,-0.011010837202750942
Weather disruption,Oil Services ETF,3,0.00160271073495936,-0.0006132601468502585,0.01194646254392103,0.017717305370953104,0.03343558154038784,0.02492652196835236,0.3333333333333333,0.3333333333333333,-0.014718945217206495
Weather disruption,Chevron,3,-0.0024918954632745516,-0.006452980024692301,0.011799262410281286,0.014873402745415971,0.022487920806808098,0.014108114888357578,0.3333333333333333,0.3333333333333333,0.09613111649171678
Weather disruption,ExxonMobil,3,0.0016787913448803222,-0.003706204902448218,0.010896906780888579,0.015224131248247261,0.022314357497918585,0.024005232037434727,0.3333333333333333,0.3333333333333333,0.0912028405102722
Weather disruption,Utilities ETF,3,-0.008254628362099448,-0.005877063397308202,0.008465213639850052,0.009974132969551503,0.007071350184449339,-0.01350210724977515,0.3333333333333333,0.3333333333333333,0.13254361668171008
Weather disruption,WTI Crude,3,0.00013327110413977974,-0.0005133223659443686,0.006326839562508864,0.009250562000853332,0.0022574938286193946,-0.01329434825449205,0.3333333333333333,0.3333333333333333,-0.042943506225486816
Weather disruption,Brent Crude,3,0.002332620853346734,-0.00035907453034422776,0.005398524104333132,0.008254246394065782,-0.009378555778396858,-0.023654225964914732,0.3333333333333333,0.3333333333333333,-0.09265290773287087
