category,asset,number_of_events,mean_abnormal_return_1d,mean_abnormal_return_3d,mean_abnormal_return_5d,reaction_strengthened_by_day_5,reaction_reversed_by_day_5
Demand shock,Natural Gas,2,0.05495135162289805,0.11424015247468416,0.04350111969767029,False,False
Demand shock,Airlines ETF,2,-0.041454430971190614,-0.02849236735963695,-0.12999179717418496,True,False
Demand shock,WTI Crude,2,0.01766485997105105,-0.001304949743211714,-0.09990154288042791,True,True
Demand shock,TotalEnergies,2,-0.030012873641974802,-0.059118931653387,-0.0740179790348875,True,False
Demand shock,Shell,2,-0.028753095589701294,-0.0773200149697405,-0.12825506246369867,True,False
Demand shock,Oil Services ETF,2,-0.028046533974809496,-0.028604898954118885,-0.06591195870843625,True,False
Demand shock,Brent Crude,2,0.0014089867858405603,-0.019348640662479266,-0.061904123039718595,True,True
Demand shock,Energy ETF,2,-0.02068056300775134,-0.03307859461312407,-0.08445587403111954,True,False
Demand shock,BP,2,-0.01843534873526126,-0.05967475675358347,-0.10555181796816637,True,False
Demand shock,ExxonMobil,2,-0.009534047572725746,-0.021910306206222918,-0.03728838276880442,True,False
Demand shock,Chevron,2,0.00610936993951422,-0.03277194353639873,-0.11436110896261154,True,True
Demand shock,Utilities ETF,2,-0.0032956196594686737,-0.012197758579564233,0.021000606987785164,True,True
Geopolitical shock,Natural Gas,5,-0.02218607153522656,-0.039770943629285085,-0.0759500586411496,True,False
Geopolitical shock,Brent Crude,5,0.002445145892189404,0.02245786204057081,0.022196669100192225,True,False
Geopolitical shock,WTI Crude,5,0.0018445304631330207,0.033459286817058745,0.03347032668335206,True,False
Geopolitical shock,Shell,5,0.0003026750315850535,-0.00014621817350961573,-0.00976497756601391,True,True
Geopolitical shock,Oil Services ETF,5,-0.0023724271690435117,0.002638341781851361,0.004327956195786875,True,True
Geopolitical shock,BP,5,0.002933597154256495,-0.004822836626060645,-0.009159665880927781,True,True
Geopolitical shock,Chevron,5,-0.002130274768157414,0.009255332388542148,0.018320868253410505,True,True
Geopolitical shock,Energy ETF,5,-0.0014470601491318514,0.007877370325763477,0.009845887885677352,True,True
Geopolitical shock,ExxonMobil,5,-0.003886071663025947,-4.8530386744771724e-05,-0.0008489621479607745,False,False
Geopolitical shock,TotalEnergies,5,-0.00187879169887748,-0.016850597190652516,-0.018817930666825643,True,False
Geopolitical shock,Utilities ETF,5,4.310385631578484e-05,-0.00022558498921327886,0.0024667149869363582,True,False
Geopolitical shock,Airlines ETF,5,-0.0006491585124599019,0.005301449078524612,-0.003526049256624919,True,False
Government intervention,Brent Crude,2,-0.013696583789830408,-0.014680778239338943,-0.031383897254314064,True,False
Government intervention,Oil Services ETF,2,0.017951590949678076,0.020037093237267767,0.04272086322689994,True,False
Government intervention,TotalEnergies,2,0.017181545931843123,-0.010807255493652856,-0.008733187248818552,False,True
Government intervention,Utilities ETF,2,-0.002864168621056984,-0.006601357237916328,0.010224013546053345,True,True
Government intervention,WTI Crude,2,0.0002529197911391168,-0.010687945096829354,-0.02256495147025067,True,True
Government intervention,Shell,2,0.012672584052781766,-0.0019808268892086978,0.00446483447332463,False,False
Government intervention,BP,2,0.011229714809502578,0.006270043533110892,0.01547141937007629,True,False
Government intervention,Natural Gas,2,0.00016775327395318618,-0.002908518991189435,0.06155589402107525,True,False
Government intervention,Chevron,2,0.009900969090061051,0.00350013051459086,0.024997947444986568,True,False
Government intervention,Energy ETF,2,0.007304900653832547,0.0007551548110878437,0.016049837942321787,True,False
Government intervention,ExxonMobil,2,0.006658665081809956,0.000989196215944954,0.015863780966336838,True,False
Government intervention,Airlines ETF,2,-0.0018269875119760193,-0.00959429579967086,-0.024941384010530976,True,False
Inventory announcement,Natural Gas,5,0.0009404906070651587,0.0022694658874081288,0.01272982188304439,True,False
Inventory announcement,Brent Crude,5,-0.008780221815272337,-0.016554022431137416,-0.0004591718927713595,False,False
Inventory announcement,WTI Crude,5,-0.00612241696244602,-0.020819457398158693,-0.0012223916220704067,False,False
Inventory announcement,ExxonMobil,5,0.0007110176988945893,-0.005369610604283137,-0.0048591069718237016,True,True
Inventory announcement,Oil Services ETF,5,0.0006791234541189573,0.00217828128828641,0.01716438576367312,True,False
Inventory announcement,Chevron,5,0.002774753802865448,0.006061062711492449,0.008419930293187817,True,False
Inventory announcement,Shell,5,0.006677474160015451,-0.001240872334658616,0.0031813562540405683,False,False
Inventory announcement,Utilities ETF,5,-0.004681679301642006,-0.015084100504662867,-0.013670630576651877,True,False
Inventory announcement,Energy ETF,5,0.0004583081113179288,-0.0002698047566648709,0.001787210831937891,True,False
Inventory announcement,BP,5,0.00028669355193347015,-0.00651551684633811,0.011443042231731381,True,False
Inventory announcement,TotalEnergies,5,0.00042191180725230647,-0.009270920043284402,-0.008228371316783934,True,True
Inventory announcement,Airlines ETF,5,-0.0036948231666991127,-0.00703366418110909,0.008480505784309344,True,True
Natural gas,WTI Crude,2,-0.0222610541242369,-0.0001454617616923337,0.037757936532229586,True,True
Natural gas,Brent Crude,2,-0.01668139065940827,-0.0006877743142862935,0.024486427048841297,True,True
Natural gas,Airlines ETF,2,0.03312837097488586,0.02651241769164936,0.02856498730982321,False,False
Natural gas,Natural Gas,2,-0.03301587513802695,0.021748480268279302,0.050379852165619965,True,True
Natural gas,Oil Services ETF,2,-0.002044024648870324,0.006185773605207612,0.06062374618405164,True,True
Natural gas,Shell,2,0.012546008987687762,0.0225976889764975,0.061167249431053616,True,False
Natural gas,TotalEnergies,2,0.0018231786575676479,-0.0015891213870137255,0.045686168291431684,True,False
Natural gas,ExxonMobil,2,0.009523756032313369,0.023697139277837176,0.049768983364833874,True,False
Natural gas,BP,2,0.00045915689108538826,0.011419775557074352,0.04953418749796773,True,False
Natural gas,Energy ETF,2,0.0015525853929133637,0.01852922440383853,0.05240927033033499,True,False
Natural gas,Utilities ETF,2,-0.005143995923207467,-0.017234692747456426,-0.029214204407202238,True,False
Natural gas,Chevron,2,-0.0032376891718903233,0.004144176495785523,0.03119306473362099,True,True
OPEC decision,WTI Crude,6,-0.02484221520669568,-0.003308892659326934,-0.4414592605832541,True,False
OPEC decision,Brent Crude,6,-0.023137170226323407,-0.010911774146181571,-0.0325939936465852,True,False
OPEC decision,Natural Gas,6,-0.01654961217950629,-0.014250636603911645,0.021455342981567944,True,True
OPEC decision,Oil Services ETF,6,-0.009748904122734103,-0.03482413055867604,-0.024067138538627447,True,False
OPEC decision,Shell,6,-0.019787387849152127,-0.031039487210096067,-0.028533071200948206,True,False
OPEC decision,BP,6,-0.0170966148822335,-0.03212829289742738,-0.028273030757585988,True,False
OPEC decision,TotalEnergies,6,-0.017974614545458845,-0.028502016925603724,-0.02626631785805437,True,False
OPEC decision,ExxonMobil,6,-0.004117875458822788,-0.015396808218061034,-0.011473621785360266,True,False
OPEC decision,Energy ETF,6,-0.0051751968384221025,-0.01779603538319169,-0.006701526621989695,True,False
OPEC decision,Chevron,6,-0.003288813275649246,-0.011060060875106489,-0.0012042701479315077,False,False
OPEC decision,Airlines ETF,6,0.008190749752541046,0.0009717690009096539,0.016559665911676347,True,False
OPEC decision,Utilities ETF,6,-0.002898676700461437,-0.006497983990498002,-0.012595503540046312,True,False
Supply disruption,Natural Gas,5,-0.00172525376119399,-0.010404094410104526,-0.028233091346913586,True,False
Supply disruption,WTI Crude,5,0.021417826055993426,0.007569931681621078,0.0058064041474817476,False,False
Supply disruption,Brent Crude,5,0.01980879183826516,0.00894722394589358,0.011177744979103376,False,False
Supply disruption,Oil Services ETF,5,0.005350960518092496,-0.004562287717174729,-0.006519232128060737,True,True
Supply disruption,BP,5,0.011483908280660881,-0.000795203007022538,-0.0019156894526971113,False,True
Supply disruption,Shell,5,0.007305336549234554,-0.0026558301944563656,-0.004117423473860282,False,True
Supply disruption,Energy ETF,5,0.007876408626658792,0.0029737697425782582,0.0010118743434978316,False,False
Supply disruption,TotalEnergies,5,0.005708967704309176,-0.009368994100691497,-0.0015464744841686916,False,True
Supply disruption,ExxonMobil,5,0.008290219424810962,0.004818229469818669,0.004252903997421886,False,False
Supply disruption,Chevron,5,0.008966050210991727,0.0015072880079917584,-0.0010944144203002715,False,True
Supply disruption,Airlines ETF,5,-0.004032365520320558,-0.004529353135938874,0.0003228434554025661,False,True
Supply disruption,Utilities ETF,5,0.004753763743147954,0.009017476229964672,0.0049233891804507214,True,False
Weather disruption,Natural Gas,3,0.0031733546156021974,0.01066761496888539,0.018417696543274225,True,False
Weather disruption,TotalEnergies,3,0.006666935038360171,0.03231578024671811,0.02436626196246483,True,False
Weather disruption,Airlines ETF,3,-0.005494710158197691,0.0006815307867323132,0.007886349549700467,True,True
Weather disruption,Energy ETF,3,0.001647785041337298,0.02475468618042742,0.022652134287050558,True,False
Weather disruption,Shell,3,0.010099471930871906,0.030550424743458888,0.018775890671055045,True,False
Weather disruption,BP,3,0.00627426448090936,0.025732317195928982,0.010588840383012962,True,False
Weather disruption,Oil Services ETF,3,0.00160271073495936,0.03343558154038784,0.02492652196835236,True,False
Weather disruption,Chevron,3,-0.0024918954632745516,0.022487920806808098,0.014108114888357578,True,True
Weather disruption,ExxonMobil,3,0.0016787913448803222,0.022314357497918585,0.024005232037434727,True,False
Weather disruption,Utilities ETF,3,-0.008254628362099448,0.007071350184449339,-0.01350210724977515,True,False
Weather disruption,WTI Crude,3,0.00013327110413977974,0.0022574938286193946,-0.01329434825449205,True,True
Weather disruption,Brent Crude,3,0.002332620853346734,-0.009378555778396858,-0.023654225964914732,True,True
